{
    "lang": [
        {
            "nm": "ENGLISH",
            "lnm": "eng"
        }
    ],
    "cntry": [
        {
            "nm": "India",
            "cc": "91",
            "sdn": "in",
            "flImg": "🇮🇳",
            "a3cc": "IND"
        },
        {
            "nm": "United Arab Emirates",
            "cc": "971",
            "sdn": "ae",
            "flImg": "🇦🇪",
            "a3cc": "UAE"
        }
    ],
    "curncy": [
        {
            "nm": "Indian Rupee",
            "cnm": "inr",
            "sdn": "in",
            "crImg": "₹"
        },
        {
            "nm": "UAE Dirham",
            "cnm": "aed",
            "sdn": "ae",
            "crImg": ""
        }
    ],
    "constrnt": {
        "in": {
            "lang": ["eng"],
            "curncy": ["inr"]
        },
        "ae": {
            "lang": ["eng"],
            "curncy": ["aed"]
        }
    }
}
