{"paymentDetails":{"version":"358.1","payOptions":{"ZPD":{"ZPD_zipdial":{"optionId":274,"payOptionName":"ZPD_zipdial","payMode":"ZPD","payModeName":"ZipDial","defaultDisplayName":"ZipDial","currency":"INR","enableOnUI":true,"inacitveMsgOn":false,"alertMsgOn":false,"inactiveMessage":"PG_MESSAGE_TEMPLATE1","alertMessage":"PG_MESSAGE_TEMPLATE1","isCollectCard":false,"payOptionProperties":{},"alertDynamicParam":["ZipDial","ZipDial"],"inactiveDynamicParam":["ZipDial","ZipDial"]}},"LC":{"LC_IMINT":{"optionId":246,"payOptionName":"LC_IMINT","payMode":"LC","payModeName":"Loyality Card","defaultDisplayName":"Imint","currency":"INR","enableOnUI":true,"inacitveMsgOn":false,"alertMsgOn":false,"inactiveMessage":"PG_MESSAGE_TEMPLATE1","alertMessage":"PG_MESSAGE_TEMPLATE1","isCollectCard":true,"payOptionProperties":{},"alertDynamicParam":["Imint","Loyality Card"],"inactiveDynamicParam":["Imint","Loyality Card"]}},"EWLT":{"EWLT_paytm":{"optionId":273,"payOptionName":"EWLT_paytm","payMode":"EWLT","payModeName":"E-Wallet","defaultDisplayName":"PayTm","currency":"INR","enableOnUI":true,"inacitveMsgOn":false,"alertMsgOn":false,"inactiveMessage":"PG_MESSAGE_TEMPLATE1","alertMessage":"PG_MESSAGE_TEMPLATE1","isCollectCard":false,"payOptionProperties":{},"alertDynamicParam":["PayTm","E-Wallet"],"inactiveDynamicParam":["PayTm","E-Wallet"]},"EWLT_EZECLICK":{"optionId":325,"payOptionName":"EWLT_EZECLICK","payMode":"EWLT","payModeName":"E-Wallet","defaultDisplayName":"Amex ezeClick","currency":"INR","enableOnUI":true,"inacitveMsgOn":false,"alertMsgOn":false,"inactiveMessage":"PG_MESSAGE_TEMPLATE1","alertMessage":"PG_MESSAGE_TEMPLATE1","isCollectCard":false,"payOptionProperties":{"BILLDESK_BANKID":"AEC"},"alertDynamicParam":["Amex ezeClick","E-Wallet"],"inactiveDynamicParam":["Amex ezeClick","E-Wallet"]},"EWLT_MBK":{"optionId":340,"payOptionName":"EWLT_MBK","payMode":"EWLT","payModeName":"E-Wallet","defaultDisplayName":"MobiKwik","currency":"INR","enableOnUI":true,"inacitveMsgOn":false,"alertMsgOn":false,"inactiveMessage":"PG_MESSAGE_TEMPLATE1","alertMessage":"PG_MESSAGE_TEMPLATE1","isCollectCard":false,"payOptionProperties":{},"alertDynamicParam":["MobiKwik","E-Wallet"],"inactiveDynamicParam":["MobiKwik","E-Wallet"]},"EWLT_POWERPAY":{"optionId":820,"payOptionName":"EWLT_POWERPAY","payMode":"EWLT","payModeName":"E-Wallet","defaultDisplayName":"PayZapp","currency":"INR","enableOnUI":true,"inacitveMsgOn":false,"alertMsgOn":false,"inactiveMessage":"PG_MESSAGE_TEMPLATE1","alertMessage":"PG_MESSAGE_TEMPLATE1","isCollectCard":false,"payOptionProperties":{},"alertDynamicParam":["PayZapp","E-Wallet"],"inactiveDynamicParam":["PayZapp","E-Wallet"]}},"CC":{"CC_amex":{"optionId":101,"payOptionName":"CC_amex","payMode":"CC","payModeName":"Credit Card","defaultDisplayName":"American Express","currency":"INR","enableOnUI":true,"inacitveMsgOn":false,"alertMsgOn":false,"inactiveMessage":"PG_MESSAGE_TEMPLATE1","alertMessage":"PG_MESSAGE_TEMPLATE1","isCollectCard":true,"payOptionProperties":{"PREFIXES":"34,37"},"alertDynamicParam":["American Express","Credit Card"],"inactiveDynamicParam":["American Express","Credit Card"]},"CC_visa":{"optionId":102,"payOptionName":"CC_visa","payMode":"CC","payModeName":"Credit Card","defaultDisplayName":"Visa","currency":"INR","enableOnUI":true,"inacitveMsgOn":false,"alertMsgOn":false,"inactiveMessage":"PG_MESSAGE_TEMPLATE1","alertMessage":"PG_MESSAGE_TEMPLATE1","isCollectCard":true,"payOptionProperties":{"PREFIXES":"4"},"alertDynamicParam":["Visa","Credit Card"],"inactiveDynamicParam":["Visa","Credit Card"]},"CC_master":{"optionId":103,"payOptionName":"CC_master","payMode":"CC","payModeName":"Credit Card","defaultDisplayName":"MasterCard","currency":"INR","enableOnUI":true,"inacitveMsgOn":false,"alertMsgOn":false,"inactiveMessage":"PG_MESSAGE_TEMPLATE1","alertMessage":"PG_MESSAGE_TEMPLATE1","isCollectCard":true,"payOptionProperties":{"PREFIXES":"51,52,53,54,55"},"alertDynamicParam":["MasterCard","Credit Card"],"inactiveDynamicParam":["MasterCard","Credit Card"]},"CC_DNR":{"optionId":214,"payOptionName":"CC_DNR","payMode":"CC","payModeName":"Credit Card","defaultDisplayName":"Diners","currency":"INR","enableOnUI":true,"inacitveMsgOn":false,"alertMsgOn":false,"inactiveMessage":"PG_MESSAGE_TEMPLATE1","alertMessage":"PG_MESSAGE_TEMPLATE1","isCollectCard":true,"payOptionProperties":{"PREFIXES":"300,301,302,303,304,305,3095,36,38"},"alertDynamicParam":["Diners","Credit Card"],"inactiveDynamicParam":["Diners","Credit Card"]},"CC_DSCVR":{"optionId":215,"payOptionName":"CC_DSCVR","payMode":"CC","payModeName":"Credit Card","defaultDisplayName":"Discover","currency":"INR","enableOnUI":true,"inacitveMsgOn":false,"alertMsgOn":false,"inactiveMessage":"PG_MESSAGE_TEMPLATE1","alertMessage":"PG_MESSAGE_TEMPLATE1","isCollectCard":true,"payOptionProperties":{"PREFIXES":"60110,60112,60113,60114,601174,601177,601178,601179,601186,601187,601188,601189,60119,644,645,646,647,648,649,65"},"alertDynamicParam":["Discover","Credit Card"],"inactiveDynamicParam":["Discover","Credit Card"]}},"DC":{"DC_master":{"optionId":210,"payOptionName":"DC_master","payMode":"DC","payModeName":"Debit Card","defaultDisplayName":"MasterCard","currency":"INR","enableOnUI":true,"inacitveMsgOn":false,"alertMsgOn":false,"inactiveMessage":"PG_MESSAGE_TEMPLATE1","alertMessage":"PG_MESSAGE_TEMPLATE1","isCollectCard":true,"payOptionProperties":{"PREFIXES":"51,52,53,54,55"},"alertDynamicParam":["MasterCard","Debit Card"],"inactiveDynamicParam":["MasterCard","Debit Card"]},"DC_maestro":{"optionId":211,"payOptionName":"DC_maestro","payMode":"DC","payModeName":"Debit Card","defaultDisplayName":"Maestro","currency":"INR","enableOnUI":true,"inacitveMsgOn":false,"alertMsgOn":false,"inactiveMessage":"PG_MESSAGE_TEMPLATE1","alertMessage":"PG_MESSAGE_TEMPLATE1","isCollectCard":true,"payOptionProperties":{"PREFIXES":"BIN"},"alertDynamicParam":["Maestro","Debit Card"],"inactiveDynamicParam":["Maestro","Debit Card"]},"DC_visa":{"optionId":213,"payOptionName":"DC_visa","payMode":"DC","payModeName":"Debit Card","defaultDisplayName":"Visa","currency":"INR","enableOnUI":true,"inacitveMsgOn":false,"alertMsgOn":false,"inactiveMessage":"PG_MESSAGE_TEMPLATE1","alertMessage":"PG_MESSAGE_TEMPLATE1","isCollectCard":true,"payOptionProperties":{"PREFIXES":"4"},"alertDynamicParam":["Visa","Debit Card"],"inactiveDynamicParam":["Visa","Debit Card"]}},"WLT":{"WLT_wallet":{"optionId":256,"payOptionName":"WLT_wallet","payMode":"WLT","payModeName":"My Wallet","defaultDisplayName":"My Wallet","currency":"INR","enableOnUI":true,"inacitveMsgOn":false,"alertMsgOn":false,"inactiveMessage":"PG_MESSAGE_TEMPLATE1","alertMessage":"PG_MESSAGE_TEMPLATE1","isCollectCard":false,"payOptionProperties":{},"alertDynamicParam":["My Wallet","My Wallet"],"inactiveDynamicParam":["My Wallet","My Wallet"]}},"NB":{"NB_cub":{"optionId":108,"payOptionName":"NB_cub","payMode":"NB","payModeName":"Net Banking","defaultDisplayName":"City Union Bank","currency":"INR","enableOnUI":true,"inacitveMsgOn":false,"alertMsgOn":false,"inactiveMessage":"PG_MESSAGE_TEMPLATE1","alertMessage":"PG_MESSAGE_TEMPLATE1","isCollectCard":false,"payOptionProperties":{"TECHPRO_BANKID":"440","BILLDESK_BANKID":"CUB","CCAVENUE_BANKID":"CITIUB_N"},"alertDynamicParam":["City Union Bank","Net Banking"],"inactiveDynamicParam":["City Union Bank","Net Banking"]},"NB_hdfc":{"optionId":109,"payOptionName":"NB_hdfc","payMode":"NB","payModeName":"Net Banking","defaultDisplayName":"HDFC Bank","currency":"INR","enableOnUI":true,"inacitveMsgOn":false,"alertMsgOn":false,"inactiveMessage":"PG_MESSAGE_TEMPLATE1","alertMessage":"PG_MESSAGE_TEMPLATE1","isCollectCard":false,"payOptionProperties":{"TECHPRO_BANKID":"300","BILLDESK_BANKID":"HDF","CCAVENUE_BANKID":"HDEB_N"},"alertDynamicParam":["HDFC Bank","Net Banking"],"inactiveDynamicParam":["HDFC Bank","Net Banking"]},"NB_axis":{"optionId":110,"payOptionName":"NB_axis","payMode":"NB","payModeName":"Net Banking","defaultDisplayName":"Axis Bank","currency":"INR","enableOnUI":true,"inacitveMsgOn":false,"alertMsgOn":false,"inactiveMessage":"PG_MESSAGE_TEMPLATE1","alertMessage":"PG_MESSAGE_TEMPLATE1","isCollectCard":false,"payOptionProperties":{"TECHPRO_BANKID":"50","BILLDESK_BANKID":"UTI","CCAVENUE_BANKID":"UTI_N"},"alertDynamicParam":["Axis Bank","Net Banking"],"inactiveDynamicParam":["Axis Bank","Net Banking"]},"NB_icici":{"optionId":111,"payOptionName":"NB_icici","payMode":"NB","payModeName":"Net Banking","defaultDisplayName":"ICICI Bank","currency":"INR","enableOnUI":true,"inacitveMsgOn":false,"alertMsgOn":false,"inactiveMessage":"PG_MESSAGE_TEMPLATE1","alertMessage":"PG_MESSAGE_TEMPLATE1","isCollectCard":false,"payOptionProperties":{"TECHPRO_BANKID":"10","BILLDESK_BANKID":"ICI","CCAVENUE_BANKID":"ICPRF_N"},"alertDynamicParam":["ICICI Bank","Net Banking"],"inactiveDynamicParam":["ICICI Bank","Net Banking"]},"NB_cbiban":{"optionId":112,"payOptionName":"NB_cbiban","payMode":"NB","payModeName":"Net Banking","defaultDisplayName":"Citibank Bank Account Online","currency":"INR","enableOnUI":true,"inacitveMsgOn":false,"alertMsgOn":false,"inactiveMessage":"PG_MESSAGE_TEMPLATE1","alertMessage":"PG_MESSAGE_TEMPLATE1","isCollectCard":false,"payOptionProperties":{"CCAVENUE_BANKID":"CBIBAN_N"},"alertDynamicParam":["Citibank Bank Account Online","Net Banking"],"inactiveDynamicParam":["Citibank Bank Account Online","Net Banking"]},"NB_abn":{"optionId":115,"payOptionName":"NB_abn","payMode":"NB","payModeName":"Net Banking","defaultDisplayName":"The Royal Bank of Scotland","currency":"INR","enableOnUI":true,"inacitveMsgOn":false,"alertMsgOn":false,"inactiveMessage":"PG_MESSAGE_TEMPLATE1","alertMessage":"PG_MESSAGE_TEMPLATE1","isCollectCard":false,"payOptionProperties":{"BILLDESK_BANKID":"ABN","CCAVENUE_BANKID":"RBS_N"},"alertDynamicParam":["The Royal Bank of Scotland","Net Banking"],"inactiveDynamicParam":["The Royal Bank of Scotland","Net Banking"]},"NB_bor":{"optionId":116,"payOptionName":"NB_bor","payMode":"NB","payModeName":"Net Banking","defaultDisplayName":"Bank Of Rajasthan","currency":"INR","enableOnUI":true,"inacitveMsgOn":false,"alertMsgOn":false,"inactiveMessage":"PG_MESSAGE_TEMPLATE1","alertMessage":"PG_MESSAGE_TEMPLATE1","isCollectCard":false,"payOptionProperties":{"TECHPRO_BANKID":"170","CCAVENUE_BANKID":"BOR_N"},"alertDynamicParam":["Bank Of Rajasthan","Net Banking"],"inactiveDynamicParam":["Bank Of Rajasthan","Net Banking"]},"NB_boi":{"optionId":117,"payOptionName":"NB_boi","payMode":"NB","payModeName":"Net Banking","defaultDisplayName":"Bank of India","currency":"INR","enableOnUI":true,"inacitveMsgOn":false,"alertMsgOn":false,"inactiveMessage":"PG_MESSAGE_TEMPLATE1","alertMessage":"PG_MESSAGE_TEMPLATE1","isCollectCard":false,"payOptionProperties":{"CITRUS_BANKID":"CID019","TECHPRO_BANKID":"240","BILLDESK_BANKID":"BOI","CCAVENUE_BANKID":"BOI_N"},"alertDynamicParam":["Bank of India","Net Banking"],"inactiveDynamicParam":["Bank of India","Net Banking"]},"NB_cop":{"optionId":118,"payOptionName":"NB_cop","payMode":"NB","payModeName":"Net Banking","defaultDisplayName":"Corporation Bank","currency":"INR","enableOnUI":true,"inacitveMsgOn":false,"alertMsgOn":false,"inactiveMessage":"PG_MESSAGE_TEMPLATE1","alertMessage":"PG_MESSAGE_TEMPLATE1","isCollectCard":false,"payOptionProperties":{"CITRUS_BANKID":"CID025","TECHPRO_BANKID":"120","BILLDESK_BANKID":"CRP","CCAVENUE_BANKID":"COP_N"},"alertDynamicParam":["Corporation Bank","Net Banking"],"inactiveDynamicParam":["Corporation Bank","Net Banking"]},"NB_fdeb":{"optionId":119,"payOptionName":"NB_fdeb","payMode":"NB","payModeName":"Net Banking","defaultDisplayName":"Federal Bank FedNet","currency":"INR","enableOnUI":true,"inacitveMsgOn":false,"alertMsgOn":false,"inactiveMessage":"PG_MESSAGE_TEMPLATE1","alertMessage":"PG_MESSAGE_TEMPLATE1","isCollectCard":false,"payOptionProperties":{"CITRUS_BANKID":"CID009","TECHPRO_BANKID":"270","BILLDESK_BANKID":"FBK","CCAVENUE_BANKID":"FDEB_N"},"alertDynamicParam":["Federal Bank FedNet","Net Banking"],"inactiveDynamicParam":["Federal Bank FedNet","Net Banking"]},"NB_idbi":{"optionId":120,"payOptionName":"NB_idbi","payMode":"NB","payModeName":"Net Banking","defaultDisplayName":"IDBI iNet-Banking","currency":"INR","enableOnUI":true,"inacitveMsgOn":false,"alertMsgOn":false,"inactiveMessage":"PG_MESSAGE_TEMPLATE1","alertMessage":"PG_MESSAGE_TEMPLATE1","isCollectCard":false,"payOptionProperties":{"CITRUS_BANKID":"CID011","TECHPRO_BANKID":"520","BILLDESK_BANKID":"IDB","CCAVENUE_BANKID":"IDBI_N"},"alertDynamicParam":["IDBI iNet-Banking","Net Banking"],"inactiveDynamicParam":["IDBI iNet-Banking","Net Banking"]},"NB_iib":{"optionId":121,"payOptionName":"NB_iib","payMode":"NB","payModeName":"Net Banking","defaultDisplayName":"IndusInd Bank","currency":"INR","enableOnUI":true,"inacitveMsgOn":false,"alertMsgOn":false,"inactiveMessage":"PG_MESSAGE_TEMPLATE1","alertMessage":"PG_MESSAGE_TEMPLATE1","isCollectCard":false,"payOptionProperties":{"BILLDESK_BANKID":"IDS","CCAVENUE_BANKID":"NIIB_N"},"alertDynamicParam":["IndusInd Bank","Net Banking"],"inactiveDynamicParam":["IndusInd Bank","Net Banking"]},"NB_jkb":{"optionId":122,"payOptionName":"NB_jkb","payMode":"NB","payModeName":"Net Banking","defaultDisplayName":"J & K Bank","currency":"INR","enableOnUI":true,"inacitveMsgOn":false,"alertMsgOn":false,"inactiveMessage":"PG_MESSAGE_TEMPLATE1","alertMessage":"PG_MESSAGE_TEMPLATE1","isCollectCard":false,"payOptionProperties":{"TECHPRO_BANKID":"350","BILLDESK_BANKID":"JKB","CCAVENUE_BANKID":"JKB_N"},"alertDynamicParam":["J & K Bank","Net Banking"],"inactiveDynamicParam":["J & K Bank","Net Banking"]},"NB_kmb":{"optionId":123,"payOptionName":"NB_kmb","payMode":"NB","payModeName":"Net Banking","defaultDisplayName":"Kotak Mahindra Bank","currency":"INR","enableOnUI":true,"inacitveMsgOn":false,"alertMsgOn":false,"inactiveMessage":"PG_MESSAGE_TEMPLATE1","alertMessage":"PG_MESSAGE_TEMPLATE1","isCollectCard":false,"payOptionProperties":{"BILLDESK_BANKID":"162","CCAVENUE_BANKID":"NKMB_N"},"alertDynamicParam":["Kotak Mahindra Bank","Net Banking"],"inactiveDynamicParam":["Kotak Mahindra Bank","Net Banking"]},"NB_obc":{"optionId":124,"payOptionName":"NB_obc","payMode":"NB","payModeName":"Net Banking","defaultDisplayName":"Oriental Bank Of Commerce","currency":"INR","enableOnUI":true,"inacitveMsgOn":false,"alertMsgOn":false,"inactiveMessage":"PG_MESSAGE_TEMPLATE1","alertMessage":"PG_MESSAGE_TEMPLATE1","isCollectCard":false,"payOptionProperties":{"TECHPRO_BANKID":"160","BILLDESK_BANKID":"OBC","CCAVENUE_BANKID":"OBPRF_N"},"alertDynamicParam":["Oriental Bank Of Commerce","Net Banking"],"inactiveDynamicParam":["Oriental Bank Of Commerce","Net Banking"]},"NB_pnb":{"optionId":125,"payOptionName":"NB_pnb","payMode":"NB","payModeName":"Net Banking","defaultDisplayName":"Punjab National Bank","currency":"INR","enableOnUI":true,"inacitveMsgOn":false,"alertMsgOn":false,"inactiveMessage":"PG_MESSAGE_TEMPLATE1","alertMessage":"PG_MESSAGE_TEMPLATE1","isCollectCard":false,"payOptionProperties":{"CITRUS_BANKID":"CID044","BILLDESK_BANKID":"PNB","CCAVENUE_BANKID":"NPNB_N"},"alertDynamicParam":["Punjab National Bank","Net Banking"],"inactiveDynamicParam":["Punjab National Bank","Net Banking"]},"NB_sbi":{"optionId":126,"payOptionName":"NB_sbi","payMode":"NB","payModeName":"Net Banking","defaultDisplayName":"State Bank Of India","currency":"INR","enableOnUI":true,"inacitveMsgOn":false,"alertMsgOn":false,"inactiveMessage":"PG_MESSAGE_TEMPLATE1","alertMessage":"PG_MESSAGE_TEMPLATE1","isCollectCard":false,"payOptionProperties":{"TECHPRO_BANKID":"530","PAYZIPPYPG_BANKID":"SBI","BILLDESK_BANKID":"SBI","CCAVENUE_BANKID":"SBI_N","PAYZIPPYPG_payMethod":"NET"},"alertDynamicParam":["State Bank Of India","Net Banking"],"inactiveDynamicParam":["State Bank Of India","Net Banking"]},"NB_yes":{"optionId":127,"payOptionName":"NB_yes","payMode":"NB","payModeName":"Net Banking","defaultDisplayName":"YES BANK","currency":"INR","enableOnUI":true,"inacitveMsgOn":false,"alertMsgOn":false,"inactiveMessage":"PG_MESSAGE_TEMPLATE1","alertMessage":"PG_MESSAGE_TEMPLATE1","isCollectCard":false,"payOptionProperties":{"CITRUS_BANKID":"CID004","TECHPRO_BANKID":"130","BILLDESK_BANKID":"YBK","CCAVENUE_BANKID":"YES_N"},"alertDynamicParam":["YES BANK","Net Banking"],"inactiveDynamicParam":["YES BANK","Net Banking"]},"NB_sib":{"optionId":128,"payOptionName":"NB_sib","payMode":"NB","payModeName":"Net Banking","defaultDisplayName":"South Indian Bank","currency":"INR","enableOnUI":true,"inacitveMsgOn":false,"alertMsgOn":false,"inactiveMessage":"PG_MESSAGE_TEMPLATE1","alertMessage":"PG_MESSAGE_TEMPLATE1","isCollectCard":false,"payOptionProperties":{"TECHPRO_BANKID":"180","BILLDESK_BANKID":"SIB","CCAVENUE_BANKID":"SIB_N"},"alertDynamicParam":["South Indian Bank","Net Banking"],"inactiveDynamicParam":["South Indian Bank","Net Banking"]},"NB_vjya":{"optionId":129,"payOptionName":"NB_vjya","payMode":"NB","payModeName":"Net Banking","defaultDisplayName":"Vijaya NetBanking","currency":"INR","enableOnUI":true,"inacitveMsgOn":false,"alertMsgOn":false,"inactiveMessage":"PG_MESSAGE_TEMPLATE1","alertMessage":"PG_MESSAGE_TEMPLATE1","isCollectCard":false,"payOptionProperties":{"CITRUS_BANKID":"CID042","TECHPRO_BANKID":"200","BILLDESK_BANKID":"VJB","CCAVENUE_BANKID":"VJYA_N"},"alertDynamicParam":["Vijaya NetBanking","Net Banking"],"inactiveDynamicParam":["Vijaya NetBanking","Net Banking"]},"NB_kvb":{"optionId":130,"payOptionName":"NB_kvb","payMode":"NB","payModeName":"Net Banking","defaultDisplayName":"Karur Vysya Net Bank","currency":"INR","enableOnUI":true,"inacitveMsgOn":false,"alertMsgOn":false,"inactiveMessage":"PG_MESSAGE_TEMPLATE1","alertMessage":"PG_MESSAGE_TEMPLATE1","isCollectCard":false,"payOptionProperties":{"TECHPRO_BANKID":"760","BILLDESK_BANKID":"KVB","CCAVENUE_BANKID":"KVB_N"},"alertDynamicParam":["Karur Vysya Net Bank","Net Banking"],"inactiveDynamicParam":["Karur Vysya Net Bank","Net Banking"]},"NB_bobc":{"optionId":131,"payOptionName":"NB_bobc","payMode":"NB","payModeName":"Net Banking","defaultDisplayName":"Bank Of Baroda Corporate","currency":"INR","enableOnUI":true,"inacitveMsgOn":false,"alertMsgOn":false,"inactiveMessage":"PG_MESSAGE_TEMPLATE1","alertMessage":"PG_MESSAGE_TEMPLATE1","isCollectCard":false,"payOptionProperties":{"CCAVENUE_BANKID":"BOBCO_N"},"alertDynamicParam":["Bank Of Baroda Corporate","Net Banking"],"inactiveDynamicParam":["Bank Of Baroda Corporate","Net Banking"]},"NB_bobr":{"optionId":132,"payOptionName":"NB_bobr","payMode":"NB","payModeName":"Net Banking","defaultDisplayName":"Bank Of Baroda Retail","currency":"INR","enableOnUI":true,"inacitveMsgOn":false,"alertMsgOn":false,"inactiveMessage":"PG_MESSAGE_TEMPLATE1","alertMessage":"PG_MESSAGE_TEMPLATE1","isCollectCard":false,"payOptionProperties":{"TECHPRO_BANKID":"310","CCAVENUE_BANKID":"BOB_N"},"alertDynamicParam":["Bank Of Baroda Retail","Net Banking"],"inactiveDynamicParam":["Bank Of Baroda Retail","Net Banking"]},"NB_pnbco":{"optionId":133,"payOptionName":"NB_pnbco","payMode":"NB","payModeName":"Net Banking","defaultDisplayName":"PNB Corporate Bank","currency":"INR","enableOnUI":true,"inacitveMsgOn":false,"alertMsgOn":false,"inactiveMessage":"PG_MESSAGE_TEMPLATE1","alertMessage":"PG_MESSAGE_TEMPLATE1","isCollectCard":false,"payOptionProperties":{"CITRUS_BANKID":"CID036","BILLDESK_BANKID":"CPN","CCAVENUE_BANKID":"PNBCO_N"},"alertDynamicParam":["PNB Corporate Bank","Net Banking"],"inactiveDynamicParam":["PNB Corporate Bank","Net Banking"]},"NB_ubi":{"optionId":134,"payOptionName":"NB_ubi","payMode":"NB","payModeName":"Net Banking","defaultDisplayName":"Union Bank Of India","currency":"INR","enableOnUI":true,"inacitveMsgOn":false,"alertMsgOn":false,"inactiveMessage":"PG_MESSAGE_TEMPLATE1","alertMessage":"PG_MESSAGE_TEMPLATE1","isCollectCard":false,"payOptionProperties":{"CITRUS_BANKID":"CID007","TECHPRO_BANKID":"190","BILLDESK_BANKID":"UBI","CCAVENUE_BANKID":"UNI_N"},"alertDynamicParam":["Union Bank Of India","Net Banking"],"inactiveDynamicParam":["Union Bank Of India","Net Banking"]},"NB_sbt":{"optionId":135,"payOptionName":"NB_sbt","payMode":"NB","payModeName":"Net Banking","defaultDisplayName":"State Bank of Travancore","currency":"INR","enableOnUI":true,"inacitveMsgOn":false,"alertMsgOn":false,"inactiveMessage":"PG_MESSAGE_TEMPLATE1","alertMessage":"PG_MESSAGE_TEMPLATE1","isCollectCard":false,"payOptionProperties":{"TECHPRO_BANKID":"680","BILLDESK_BANKID":"SBT","CCAVENUE_BANKID":"SBT_N"},"alertDynamicParam":["State Bank of Travancore","Net Banking"],"inactiveDynamicParam":["State Bank of Travancore","Net Banking"]},"NB_Kar":{"optionId":144,"payOptionName":"NB_Kar","payMode":"NB","payModeName":"Net Banking","defaultDisplayName":"Karnataka Bank","currency":"INR","enableOnUI":true,"inacitveMsgOn":false,"alertMsgOn":false,"inactiveMessage":"PG_MESSAGE_TEMPLATE1","alertMessage":"PG_MESSAGE_TEMPLATE1","isCollectCard":false,"payOptionProperties":{"CITRUS_BANKID":"CID031","TECHPRO_BANKID":"140","BILLDESK_BANKID":"KBL","CCAVENUE_BANKID":"KTKB_N"},"alertDynamicParam":["Karnataka Bank","Net Banking"],"inactiveDynamicParam":["Karnataka Bank","Net Banking"]},"NB_deutsche":{"optionId":145,"payOptionName":"NB_deutsche","payMode":"NB","payModeName":"Net Banking","defaultDisplayName":"Deutsche Bank","currency":"INR","enableOnUI":true,"inacitveMsgOn":false,"alertMsgOn":false,"inactiveMessage":"PG_MESSAGE_TEMPLATE1","alertMessage":"PG_MESSAGE_TEMPLATE1","isCollectCard":false,"payOptionProperties":{"CITRUS_BANKID":"CID006","TECHPRO_BANKID":"330","BILLDESK_BANKID":"DBK","CCAVENUE_BANKID":"DEUNB_N"},"alertDynamicParam":["Deutsche Bank","Net Banking"],"inactiveDynamicParam":["Deutsche Bank","Net Banking"]},"NB_maharashtra":{"optionId":146,"payOptionName":"NB_maharashtra","payMode":"NB","payModeName":"Net Banking","defaultDisplayName":"Bank of Maharashtra","currency":"INR","enableOnUI":true,"inacitveMsgOn":false,"alertMsgOn":false,"inactiveMessage":"PG_MESSAGE_TEMPLATE1","alertMessage":"PG_MESSAGE_TEMPLATE1","isCollectCard":false,"payOptionProperties":{"CITRUS_BANKID":"CID021","TECHPRO_BANKID":"750","BILLDESK_BANKID":"BOM","CCAVENUE_BANKID":"BOM_N"},"alertDynamicParam":["Bank of Maharashtra","Net Banking"],"inactiveDynamicParam":["Bank of Maharashtra","Net Banking"]},"NB_citynrirupeechecking":{"optionId":148,"payOptionName":"NB_citynrirupeechecking","payMode":"NB","payModeName":"Net Banking","defaultDisplayName":"Citibank NRI Rupee Checking","currency":"INR","enableOnUI":true,"inacitveMsgOn":false,"alertMsgOn":false,"inactiveMessage":"PG_MESSAGE_TEMPLATE1","alertMessage":"PG_MESSAGE_TEMPLATE1","isCollectCard":false,"payOptionProperties":{"CCAVENUE_BANKID":"CBIBAN_N"},"alertDynamicParam":["Citibank NRI Rupee Checking","Net Banking"],"inactiveDynamicParam":["Citibank NRI Rupee Checking","Net Banking"]},"NB_syndicate":{"optionId":149,"payOptionName":"NB_syndicate","payMode":"NB","payModeName":"Net Banking","defaultDisplayName":"Syndicate Bank","currency":"INR","enableOnUI":true,"inacitveMsgOn":false,"alertMsgOn":false,"inactiveMessage":"PG_MESSAGE_TEMPLATE1","alertMessage":"PG_MESSAGE_TEMPLATE1","isCollectCard":false,"payOptionProperties":{"BILLDESK_BANKID":"SYD","CCAVENUE_BANKID":"SYNBK_N"},"alertDynamicParam":["Syndicate Bank","Net Banking"],"inactiveDynamicParam":["Syndicate Bank","Net Banking"]},"NB_dhan":{"optionId":150,"payOptionName":"NB_dhan","payMode":"NB","payModeName":"Net Banking","defaultDisplayName":"Dhanlaxmi Bank","currency":"INR","enableOnUI":true,"inacitveMsgOn":false,"alertMsgOn":false,"inactiveMessage":"PG_MESSAGE_TEMPLATE1","alertMessage":"PG_MESSAGE_TEMPLATE1","isCollectCard":false,"payOptionProperties":{"TECHPRO_BANKID":"370","BILLDESK_BANKID":"DLB","CCAVENUE_BANKID":"DLB_N"},"alertDynamicParam":["Dhanlaxmi Bank","Net Banking"],"inactiveDynamicParam":["Dhanlaxmi Bank","Net Banking"]},"NB_allahb":{"optionId":153,"payOptionName":"NB_allahb","payMode":"NB","payModeName":"Net Banking","defaultDisplayName":"Allahabad Bank","currency":"INR","enableOnUI":true,"inacitveMsgOn":false,"alertMsgOn":false,"inactiveMessage":"PG_MESSAGE_TEMPLATE1","alertMessage":"PG_MESSAGE_TEMPLATE1","isCollectCard":false,"payOptionProperties":{"TECHPRO_BANKID":"280","BILLDESK_BANKID":"ALB"},"alertDynamicParam":["Allahabad Bank","Net Banking"],"inactiveDynamicParam":["Allahabad Bank","Net Banking"]},"NB_bahrain":{"optionId":154,"payOptionName":"NB_bahrain","payMode":"NB","payModeName":"Net Banking","defaultDisplayName":"Bank of Bahrain and Kuwait","currency":"INR","enableOnUI":true,"inacitveMsgOn":false,"alertMsgOn":false,"inactiveMessage":"PG_MESSAGE_TEMPLATE1","alertMessage":"PG_MESSAGE_TEMPLATE1","isCollectCard":false,"payOptionProperties":{"TECHPRO_BANKID":"340","BILLDESK_BANKID":"BBK","CCAVENUE_BANKID":"BBK_N"},"alertDynamicParam":["Bank of Bahrain and Kuwait","Net Banking"],"inactiveDynamicParam":["Bank of Bahrain and Kuwait","Net Banking"]},"NB_cntrl":{"optionId":155,"payOptionName":"NB_cntrl","payMode":"NB","payModeName":"Net Banking","defaultDisplayName":"Central Bank of India","currency":"INR","enableOnUI":true,"inacitveMsgOn":false,"alertMsgOn":false,"inactiveMessage":"PG_MESSAGE_TEMPLATE1","alertMessage":"PG_MESSAGE_TEMPLATE1","isCollectCard":false,"payOptionProperties":{"CITRUS_BANKID":"CID023","BILLDESK_BANKID":"CBI","CCAVENUE_BANKID":"CEN_N"},"alertDynamicParam":["Central Bank of India","Net Banking"],"inactiveDynamicParam":["Central Bank of India","Net Banking"]},"NB_inb":{"optionId":156,"payOptionName":"NB_inb","payMode":"NB","payModeName":"Net Banking","defaultDisplayName":"Indian Bank","currency":"INR","enableOnUI":true,"inacitveMsgOn":false,"alertMsgOn":false,"inactiveMessage":"PG_MESSAGE_TEMPLATE1","alertMessage":"PG_MESSAGE_TEMPLATE1","isCollectCard":false,"payOptionProperties":{"CITRUS_BANKID":"CID008","TECHPRO_BANKID":"490","BILLDESK_BANKID":"INB","CCAVENUE_BANKID":"INB_N"},"alertDynamicParam":["Indian Bank","Net Banking"],"inactiveDynamicParam":["Indian Bank","Net Banking"]},"NB_indovers":{"optionId":157,"payOptionName":"NB_indovers","payMode":"NB","payModeName":"Net Banking","defaultDisplayName":"Indian Overseas Bank","currency":"INR","enableOnUI":true,"inacitveMsgOn":false,"alertMsgOn":false,"inactiveMessage":"PG_MESSAGE_TEMPLATE1","alertMessage":"PG_MESSAGE_TEMPLATE1","isCollectCard":false,"payOptionProperties":{"CITRUS_BANKID":"CID027","TECHPRO_BANKID":"420","BILLDESK_BANKID":"IOB","CCAVENUE_BANKID":"IOB_N"},"alertDynamicParam":["Indian Overseas Bank","Net Banking"],"inactiveDynamicParam":["Indian Overseas Bank","Net Banking"]},"NB_lxvilas":{"optionId":158,"payOptionName":"NB_lxvilas","payMode":"NB","payModeName":"Net Banking","defaultDisplayName":"Laxmi Vilas Bank","currency":"INR","enableOnUI":true,"inacitveMsgOn":false,"alertMsgOn":false,"inactiveMessage":"PG_MESSAGE_TEMPLATE1","alertMessage":"PG_MESSAGE_TEMPLATE1","isCollectCard":false,"payOptionProperties":{"BILLDESK_BANKID":"LVR","CCAVENUE_BANKID":"LVB_N"},"alertDynamicParam":["Laxmi Vilas Bank","Net Banking"],"inactiveDynamicParam":["Laxmi Vilas Bank","Net Banking"]},"NB_svc":{"optionId":159,"payOptionName":"NB_svc","payMode":"NB","payModeName":"Net Banking","defaultDisplayName":"Shamrao Vitthal Co-op Bank","currency":"INR","enableOnUI":true,"inacitveMsgOn":false,"alertMsgOn":false,"inactiveMessage":"PG_MESSAGE_TEMPLATE1","alertMessage":"PG_MESSAGE_TEMPLATE1","isCollectCard":false,"payOptionProperties":{"BILLDESK_BANKID":"SVC","CCAVENUE_BANKID":"SVC_N"},"alertDynamicParam":["Shamrao Vitthal Co-op Bank","Net Banking"],"inactiveDynamicParam":["Shamrao Vitthal Co-op Bank","Net Banking"]},"NB_tmb":{"optionId":160,"payOptionName":"NB_tmb","payMode":"NB","payModeName":"Net Banking","defaultDisplayName":"Tamilnad Mercantile Bank Ltd.","currency":"INR","enableOnUI":true,"inacitveMsgOn":false,"alertMsgOn":false,"inactiveMessage":"PG_MESSAGE_TEMPLATE1","alertMessage":"PG_MESSAGE_TEMPLATE1","isCollectCard":false,"payOptionProperties":{"TECHPRO_BANKID":"620","BILLDESK_BANKID":"TMB","CCAVENUE_BANKID":"TNMB_N"},"alertDynamicParam":["Tamilnad Mercantile Bank Ltd.","Net Banking"],"inactiveDynamicParam":["Tamilnad Mercantile Bank Ltd.","Net Banking"]},"NB_vysya":{"optionId":164,"payOptionName":"NB_vysya","payMode":"NB","payModeName":"Net Banking","defaultDisplayName":"ING Vysya Bank","currency":"INR","enableOnUI":true,"inacitveMsgOn":false,"alertMsgOn":false,"inactiveMessage":"PG_MESSAGE_TEMPLATE1","alertMessage":"PG_MESSAGE_TEMPLATE1","isCollectCard":false,"payOptionProperties":{"TECHPRO_BANKID":"830","CCAVENUE_BANKID":"ING_N"},"alertDynamicParam":["ING Vysya Bank","Net Banking"],"inactiveDynamicParam":["ING Vysya Bank","Net Banking"]},"NB_scb":{"optionId":166,"payOptionName":"NB_scb","payMode":"NB","payModeName":"Net Banking","defaultDisplayName":"Standard Chartered Bank","currency":"INR","enableOnUI":true,"inacitveMsgOn":false,"alertMsgOn":false,"inactiveMessage":"PG_MESSAGE_TEMPLATE1","alertMessage":"PG_MESSAGE_TEMPLATE1","isCollectCard":false,"payOptionProperties":{"TECHPRO_BANKID":"450","CCAVENUE_BANKID":"SCB_N"},"alertDynamicParam":["Standard Chartered Bank","Net Banking"],"inactiveDynamicParam":["Standard Chartered Bank","Net Banking"]},"NB_sbh":{"optionId":167,"payOptionName":"NB_sbh","payMode":"NB","payModeName":"Net Banking","defaultDisplayName":"State bank of Hyderabad","currency":"INR","enableOnUI":true,"inacitveMsgOn":false,"alertMsgOn":false,"inactiveMessage":"PG_MESSAGE_TEMPLATE1","alertMessage":"PG_MESSAGE_TEMPLATE1","isCollectCard":false,"payOptionProperties":{"TECHPRO_BANKID":"560","BILLDESK_BANKID":"SBH","CCAVENUE_BANKID":"SBH_N"},"alertDynamicParam":["State bank of Hyderabad","Net Banking"],"inactiveDynamicParam":["State bank of Hyderabad","Net Banking"]},"NB_cbp":{"optionId":168,"payOptionName":"NB_cbp","payMode":"NB","payModeName":"Net Banking","defaultDisplayName":"Centurion Bank of Punjab","currency":"INR","enableOnUI":true,"inacitveMsgOn":false,"alertMsgOn":false,"inactiveMessage":"PG_MESSAGE_TEMPLATE1","alertMessage":"PG_MESSAGE_TEMPLATE1","isCollectCard":false,"payOptionProperties":{"BILLDESK_BANKID":"CBP"},"alertDynamicParam":["Centurion Bank of Punjab","Net Banking"],"inactiveDynamicParam":["Centurion Bank of Punjab","Net Banking"]},"NB_uco":{"optionId":169,"payOptionName":"NB_uco","payMode":"NB","payModeName":"Net Banking","defaultDisplayName":"UCO Bank","currency":"INR","enableOnUI":true,"inacitveMsgOn":false,"alertMsgOn":false,"inactiveMessage":"PG_MESSAGE_TEMPLATE1","alertMessage":"PG_MESSAGE_TEMPLATE1","isCollectCard":false,"payOptionProperties":{"BILLDESK_BANKID":"UCO","CCAVENUE_BANKID":"UCO_N"},"alertDynamicParam":["UCO Bank","Net Banking"],"inactiveDynamicParam":["UCO Bank","Net Banking"]},"NB_sbj":{"optionId":170,"payOptionName":"NB_sbj","payMode":"NB","payModeName":"Net Banking","defaultDisplayName":"State Bank of Bikaner & Jaipur","currency":"INR","enableOnUI":true,"inacitveMsgOn":false,"alertMsgOn":false,"inactiveMessage":"PG_MESSAGE_TEMPLATE1","alertMessage":"PG_MESSAGE_TEMPLATE1","isCollectCard":false,"payOptionProperties":{"BILLDESK_BANKID":"SBJ","CCAVENUE_BANKID":"SBJ_N"},"alertDynamicParam":["State Bank of Bikaner & Jaipur","Net Banking"],"inactiveDynamicParam":["State Bank of Bikaner & Jaipur","Net Banking"]},"NB_dcb":{"optionId":172,"payOptionName":"NB_dcb","payMode":"NB","payModeName":"Net Banking","defaultDisplayName":"Development Credit Bank","currency":"INR","enableOnUI":true,"inacitveMsgOn":false,"alertMsgOn":false,"inactiveMessage":"PG_MESSAGE_TEMPLATE1","alertMessage":"PG_MESSAGE_TEMPLATE1","isCollectCard":false,"payOptionProperties":{"TECHPRO_BANKID":"540","BILLDESK_BANKID":"DCB","CCAVENUE_BANKID":"DCB_N"},"alertDynamicParam":["Development Credit Bank","Net Banking"],"inactiveDynamicParam":["Development Credit Bank","Net Banking"]},"NB_andhra":{"optionId":173,"payOptionName":"NB_andhra","payMode":"NB","payModeName":"Net Banking","defaultDisplayName":"Andhra Bank","currency":"INR","enableOnUI":true,"inacitveMsgOn":false,"alertMsgOn":false,"inactiveMessage":"PG_MESSAGE_TEMPLATE1","alertMessage":"PG_MESSAGE_TEMPLATE1","isCollectCard":false,"payOptionProperties":{"BILLDESK_BANKID":"ADB","CCAVENUE_BANKID":"AND_N"},"alertDynamicParam":["Andhra Bank","Net Banking"],"inactiveDynamicParam":["Andhra Bank","Net Banking"]},"NB_lvc":{"optionId":174,"payOptionName":"NB_lvc","payMode":"NB","payModeName":"Net Banking","defaultDisplayName":"Laxmi Vilas Bank (Corporate)","currency":"INR","enableOnUI":true,"inacitveMsgOn":false,"alertMsgOn":false,"inactiveMessage":"PG_MESSAGE_TEMPLATE1","alertMessage":"PG_MESSAGE_TEMPLATE1","isCollectCard":false,"payOptionProperties":{"BILLDESK_BANKID":"LVC"},"alertDynamicParam":["Laxmi Vilas Bank (Corporate)","Net Banking"],"inactiveDynamicParam":["Laxmi Vilas Bank (Corporate)","Net Banking"]},"NB_sbp":{"optionId":175,"payOptionName":"NB_sbp","payMode":"NB","payModeName":"Net Banking","defaultDisplayName":"State Bank of Patiala","currency":"INR","enableOnUI":true,"inacitveMsgOn":false,"alertMsgOn":false,"inactiveMessage":"PG_MESSAGE_TEMPLATE1","alertMessage":"PG_MESSAGE_TEMPLATE1","isCollectCard":false,"payOptionProperties":{"BILLDESK_BANKID":"SBP","CCAVENUE_BANKID":"SBP_N"},"alertDynamicParam":["State Bank of Patiala","Net Banking"],"inactiveDynamicParam":["State Bank of Patiala","Net Banking"]},"NB_sbm":{"optionId":179,"payOptionName":"NB_sbm","payMode":"NB","payModeName":"Net Banking","defaultDisplayName":"State Bank of Mysore","currency":"INR","enableOnUI":true,"inacitveMsgOn":false,"alertMsgOn":false,"inactiveMessage":"PG_MESSAGE_TEMPLATE1","alertMessage":"PG_MESSAGE_TEMPLATE1","isCollectCard":false,"payOptionProperties":{"TECHPRO_BANKID":"550","CCAVENUE_BANKID":"SBM_N"},"alertDynamicParam":["State Bank of Mysore","Net Banking"],"inactiveDynamicParam":["State Bank of Mysore","Net Banking"]},"NB_uni":{"optionId":180,"payOptionName":"NB_uni","payMode":"NB","payModeName":"Net Banking","defaultDisplayName":"United Bank of India","currency":"INR","enableOnUI":true,"inacitveMsgOn":false,"alertMsgOn":false,"inactiveMessage":"PG_MESSAGE_TEMPLATE1","alertMessage":"PG_MESSAGE_TEMPLATE1","isCollectCard":false,"payOptionProperties":{"CITRUS_BANKID":"CID041","TECHPRO_BANKID":"570","BILLDESK_BANKID":"UNI","CCAVENUE_BANKID":"UBI_N"},"alertDynamicParam":["United Bank of India","Net Banking"],"inactiveDynamicParam":["United Bank of India","Net Banking"]},"NB_csb":{"optionId":181,"payOptionName":"NB_csb","payMode":"NB","payModeName":"Net Banking","defaultDisplayName":"Catholic Syrian Bank","currency":"INR","enableOnUI":true,"inacitveMsgOn":false,"alertMsgOn":false,"inactiveMessage":"PG_MESSAGE_TEMPLATE1","alertMessage":"PG_MESSAGE_TEMPLATE1","isCollectCard":false,"payOptionProperties":{"BILLDESK_BANKID":"CSB","CCAVENUE_BANKID":"CSB_N"},"alertDynamicParam":["Catholic Syrian Bank","Net Banking"],"inactiveDynamicParam":["Catholic Syrian Bank","Net Banking"]},"NB_cnb":{"optionId":182,"payOptionName":"NB_cnb","payMode":"NB","payModeName":"Net Banking","defaultDisplayName":"Canara Bank","currency":"INR","enableOnUI":true,"inacitveMsgOn":false,"alertMsgOn":false,"inactiveMessage":"PG_MESSAGE_TEMPLATE1","alertMessage":"PG_MESSAGE_TEMPLATE1","isCollectCard":false,"payOptionProperties":{"BILLDESK_BANKID":"CNB","CCAVENUE_BANKID":"CAN_N"},"alertDynamicParam":["Canara Bank","Net Banking"],"inactiveDynamicParam":["Canara Bank","Net Banking"]},"NB_psb":{"optionId":206,"payOptionName":"NB_psb","payMode":"NB","payModeName":"Net Banking","defaultDisplayName":"Punjab & Sindh Bank","currency":"INR","enableOnUI":true,"inacitveMsgOn":false,"alertMsgOn":false,"inactiveMessage":"PG_MESSAGE_TEMPLATE1","alertMessage":"PG_MESSAGE_TEMPLATE1","isCollectCard":false,"payOptionProperties":{"BILLDESK_BANKID":"PSB"},"alertDynamicParam":["Punjab & Sindh Bank","Net Banking"],"inactiveDynamicParam":["Punjab & Sindh Bank","Net Banking"]},"NB_rtn":{"optionId":208,"payOptionName":"NB_rtn","payMode":"NB","payModeName":"Net Banking","defaultDisplayName":"Ratnakar Bank","currency":"INR","enableOnUI":true,"inacitveMsgOn":false,"alertMsgOn":false,"inactiveMessage":"PG_MESSAGE_TEMPLATE1","alertMessage":"PG_MESSAGE_TEMPLATE1","isCollectCard":false,"payOptionProperties":{"BILLDESK_BANKID":"RTN"},"alertDynamicParam":["Ratnakar Bank","Net Banking"],"inactiveDynamicParam":["Ratnakar Bank","Net Banking"]},"NB_den":{"optionId":209,"payOptionName":"NB_den","payMode":"NB","payModeName":"Net Banking","defaultDisplayName":"Dena Bank","currency":"INR","enableOnUI":true,"inacitveMsgOn":false,"alertMsgOn":false,"inactiveMessage":"PG_MESSAGE_TEMPLATE1","alertMessage":"PG_MESSAGE_TEMPLATE1","isCollectCard":false,"payOptionProperties":{"BILLDESK_BANKID":"DEN"},"alertDynamicParam":["Dena Bank","Net Banking"],"inactiveDynamicParam":["Dena Bank","Net Banking"]},"NB_dbs":{"optionId":251,"payOptionName":"NB_dbs","payMode":"NB","payModeName":"Net Banking","defaultDisplayName":"Development Bank of Singapore","currency":"INR","enableOnUI":true,"inacitveMsgOn":false,"alertMsgOn":false,"inactiveMessage":"PG_MESSAGE_TEMPLATE1","alertMessage":"PG_MESSAGE_TEMPLATE1","isCollectCard":false,"payOptionProperties":{"CCAVENUE_BANKID":"DBS_N"},"alertDynamicParam":["Development Bank of Singapore","Net Banking"],"inactiveDynamicParam":["Development Bank of Singapore","Net Banking"]},"NB_JSB":{"optionId":766,"payOptionName":"NB_JSB","payMode":"NB","payModeName":"Net Banking","defaultDisplayName":"Janata Sahakari Bank","currency":"INR","enableOnUI":true,"inacitveMsgOn":false,"alertMsgOn":false,"inactiveMessage":"PG_MESSAGE_TEMPLATE1","alertMessage":"PG_MESSAGE_TEMPLATE1","isCollectCard":false,"payOptionProperties":{"BILLDESK_BANKID":"JSB"},"alertDynamicParam":["Janata Sahakari Bank","Net Banking"],"inactiveDynamicParam":["Janata Sahakari Bank","Net Banking"]},"NB_dcbc":{"optionId":814,"payOptionName":"NB_dcbc","payMode":"NB","payModeName":"Net Banking","defaultDisplayName":"Development Credit Bank - Corporate","currency":"INR","enableOnUI":true,"inacitveMsgOn":false,"alertMsgOn":false,"inactiveMessage":"PG_MESSAGE_TEMPLATE1","alertMessage":"PG_MESSAGE_TEMPLATE1","isCollectCard":false,"payOptionProperties":{"BILLDESK_BANKID":"DC2"},"alertDynamicParam":["Development Credit Bank - Corporate","Net Banking"],"inactiveDynamicParam":["Development Credit Bank - Corporate","Net Banking"]},"NB_Saraswat":{"optionId":818,"payOptionName":"NB_Saraswat","payMode":"NB","payModeName":"Net Banking","defaultDisplayName":"Saraswat Bank","currency":"INR","enableOnUI":true,"inacitveMsgOn":false,"alertMsgOn":false,"inactiveMessage":"PG_MESSAGE_TEMPLATE1","alertMessage":"PG_MESSAGE_TEMPLATE1","isCollectCard":false,"payOptionProperties":{"CCAVENUE_BANKID":"SRB_N"},"alertDynamicParam":["Saraswat Bank","Net Banking"],"inactiveDynamicParam":["Saraswat Bank","Net Banking"]}},"CUC":{"CUC_master":{"optionId":247,"payOptionName":"CUC_master","payMode":"CUC","payModeName":"Credit Card","defaultDisplayName":"Customer Card","currency":"ALL","enableOnUI":true,"inacitveMsgOn":false,"alertMsgOn":false,"inactiveMessage":"PG_MESSAGE_TEMPLATE1","alertMessage":"PG_MESSAGE_TEMPLATE1","isCollectCard":true,"payOptionProperties":{"PREFIXES":"51,52,53,54,55"},"alertDynamicParam":["Customer Card","Credit Card"],"inactiveDynamicParam":["Customer Card","Credit Card"]},"CUC_visa":{"optionId":248,"payOptionName":"CUC_visa","payMode":"CUC","payModeName":"Credit Card","defaultDisplayName":"Customer Card","currency":"ALL","enableOnUI":true,"inacitveMsgOn":false,"alertMsgOn":false,"inactiveMessage":"PG_MESSAGE_TEMPLATE1","alertMessage":"PG_MESSAGE_TEMPLATE1","isCollectCard":true,"payOptionProperties":{"PREFIXES":"4"},"alertDynamicParam":["Customer Card","Credit Card"],"inactiveDynamicParam":["Customer Card","Credit Card"]}}},"messageTemplates":{"PG_MESSAGE_TEMPLATE1":"We are facing some issues with charging {0} {1} option. Your transaction might not go through. Please use any other Card or Netbanking option if possible."}}}